mean_age (kr BP),deltaD,d18O,,high end T,low end T,,,precipitation_temperature,d18O_permil
0.07,-391.2,-49.988095,,-49.841371,-50.134819,,,-49.470199,-47.593897
0.1385,-396.49,-50.617857,,-50.471133,-50.764581,,,-41.931567,-41.59331
0.2155,-398.19,-50.820238,,-50.673514,-50.966962,,,-30.662252,-33.971538
0.2945,-398.11,-50.810714,,-50.66399,-50.957438,,,-28.543046,-33.546068
0.374775,-400.07,-51.044048,,-50.897324,-51.190772,,,-24.392936,-30.435739
0.460325,-398.49,-50.855952,,-50.709228,-51.002676,,,-24.392936,-29.306045
0.549875,-397.83,-50.777381,,-50.630657,-50.924105,,,-21.423841,-28.462441
0.639625,-394.86,-50.42381,,-50.277086,-50.570533,,,-19.613687,-27.824237
0.730425,-400.54,-51.1,,-50.953276,-51.246724,,,-17.494481,-24.508509
0.821825,-392.33,-50.122619,,-49.975895,-50.269343,,,-15.573951,-23.444836
0.915575,-398.81,-50.894048,,-50.747324,-51.040772,,,-7.8256071,-17.517606
1.014775,-396.96,-50.67381,,-50.527086,-50.820533,,,-4.4260486,-17.231514
1.114175,-396.37,-50.603571,,-50.456848,-50.750295,,,-7.7152318,-13.350939
1.212525,-393.51,-50.263095,,-50.116371,-50.409819,,,0.46357616,-14.620012
1.310125,-394.3,-50.357143,,-50.210419,-50.503867,,,0.04415011,-12.786092
1.410575,-395.44,-50.492857,,-50.346133,-50.639581,,,1.9536424,-11.58304
1.516875,-396.86,-50.661905,,-50.515181,-50.808629,,,8.7527594,-9.4630282
1.625275,-397.49,-50.736905,,-50.590181,-50.883629,,,10.662252,-7.0642606
1.73635,-397.54,-50.742857,,-50.596133,-50.889581,,,12.582781,-5.2963615
1.85245,-396.51,-50.620238,,-50.473514,-50.766962,,,12.472406,-2.6848592
1.9719,-397.89,-50.784524,,-50.6378,-50.931248,,,23.84106,-0.71156103
2.09265,-396.96,-50.67381,,-50.527086,-50.820533,,,,
2.21535,-396.97,-50.675,,-50.528276,-50.821724,,,,
2.3434,-402.41,-51.322619,,-51.175895,-51.469343,,,,
2.4746,-397.01,-50.679762,,-50.533038,-50.826486,,,,
2.60415,-395.1,-50.452381,,-50.305657,-50.599105,,,,
2.7293,-393.74,-50.290476,,-50.143752,-50.4372,,,,
2.84885,-393.96,-50.316667,,-50.169943,-50.463391,,,,
2.970225,-396.33,-50.59881,,-50.452086,-50.745533,,,,
3.094375,-395.95,-50.553571,,-50.406848,-50.700295,,,,
3.221425,-399.5,-50.97619,,-50.829467,-51.122914,,,,
3.351975,-397.56,-50.745238,,-50.598514,-50.891962,,,,
3.478525,-394.81,-50.417857,,-50.271133,-50.564581,,,,
3.601225,-393.87,-50.305952,,-50.159228,-50.452676,,,,
3.723125,-393.87,-50.305952,,-50.159228,-50.452676,,,,
3.850125,-396.24,-50.588095,,-50.441371,-50.734819,,,,
3.98285,-394.44,-50.37381,,-50.227086,-50.520533,,,,
4.1176,-395.27,-50.472619,,-50.325895,-50.619343,,,,
4.251,-395.2,-50.464286,,-50.317562,-50.61101,,,,
4.38155,-395,-50.440476,,-50.293752,-50.5872,,,,
4.5154,-396.2,-50.583333,,-50.436609,-50.730057,,,,
4.6535,-396.91,-50.667857,,-50.521133,-50.814581,,,,
4.78995,-395.27,-50.472619,,-50.325895,-50.619343,,,,
4.92605,-396.07,-50.567857,,-50.421133,-50.714581,,,,
5.06145,-394.1,-50.333333,,-50.186609,-50.480057,,,,
5.19805,-395.53,-50.503571,,-50.356848,-50.650295,,,,
5.338825,-399.23,-50.944048,,-50.797324,-51.090772,,,,
5.478925,-396.94,-50.671429,,-50.524705,-50.818152,,,,
5.61645,-395.29,-50.475,,-50.328276,-50.621724,,,,
5.7526,-393.1,-50.214286,,-50.067562,-50.36101,,,,
5.89245,-397.51,-50.739286,,-50.592562,-50.88601,,,,
6.0331,-396.41,-50.608333,,-50.461609,-50.755057,,,,
6.172525,-397.56,-50.745238,,-50.598514,-50.891962,,,,
6.315525,-397.54,-50.742857,,-50.596133,-50.889581,,,,
6.459325,-400.19,-51.058333,,-50.911609,-51.205057,,,,
6.605225,-398.03,-50.80119,,-50.654467,-50.947914,,,,
6.7523,-396.24,-50.588095,,-50.441371,-50.734819,,,,
6.89705,-398.96,-50.911905,,-50.765181,-51.058629,,,,
7.0464,-402.01,-51.275,,-51.128276,-51.421724,,,,
7.19935,-398.9,-50.904762,,-50.758038,-51.051486,,,,
7.3526,-402.39,-51.320238,,-51.173514,-51.466962,,,,
7.5007,-395.3,-50.47619,,-50.329467,-50.622914,,,,
7.6449,-397.46,-50.733333,,-50.586609,-50.880057,,,,
7.7922,-398.07,-50.805952,,-50.659228,-50.952676,,,,
7.940075,-400.49,-51.094048,,-50.947324,-51.240772,,,,
8.092125,-404.27,-51.544048,,-51.397324,-51.690772,,,,
8.247775,-400.67,-51.115476,,-50.968752,-51.2622,,,,
8.401725,-401.09,-51.165476,,-51.018752,-51.3122,,,,
8.55175,-398.37,-50.841667,,-50.694943,-50.988391,,,,
8.7002,-398.94,-50.909524,,-50.7628,-51.056248,,,,
8.850975,-398.61,-50.870238,,-50.723514,-51.016962,,,,
9.000225,-396.29,-50.594048,,-50.447324,-50.740772,,,,
9.150525,-398.83,-50.896429,,-50.749705,-51.043152,,,,
9.300325,-394.07,-50.329762,,-50.183038,-50.476486,,,,
9.444125,-392.28,-50.116667,,-49.969943,-50.263391,,,,
9.588325,-394.63,-50.396429,,-50.249705,-50.543152,,,,
9.731575,-391.67,-50.044048,,-49.897324,-50.190772,,,,
9.870475,-391.3,-50,,-49.853276,-50.146724,,,,
10.0096,-393.06,-50.209524,,-50.0628,-50.356248,,,,
10.1507,-392.03,-50.086905,,-49.940181,-50.233629,,,,
10.2898,-389.14,-49.742857,,-49.596133,-49.889581,,,,
10.4295,-393.5,-50.261905,,-50.115181,-50.408629,,,,
10.57305,-392.61,-50.155952,,-50.009228,-50.302676,,,,
10.71465,-388.41,-49.655952,,-49.509228,-49.802676,,,,
10.85765,-392.41,-50.132143,,-49.985419,-50.278867,,,,
11.00795,-392.94,-50.195238,,-50.048514,-50.341962,,,,
11.1603,-394.27,-50.353571,,-50.206848,-50.500295,,,,
11.3117,-392.01,-50.084524,,-49.9378,-50.231248,,,,
11.4622,-391.79,-50.058333,,-49.911609,-50.205057,,,,
11.61145,-391.8,-50.059524,,-49.9128,-50.206248,,,,
11.76055,-390.56,-49.911905,,-49.765181,-50.058629,,,,
11.9126,-393.01,-50.203571,,-50.056848,-50.350295,,,,
12.06535,-392.4,-50.130952,,-49.984228,-50.277676,,,,
12.22285,-398.23,-50.825,,-50.678276,-50.971724,,,,
12.3917,-401.76,-51.245238,,-51.098514,-51.391962,,,,
12.57,-407.2,-51.892857,,-51.746133,-52.039581,,,,
12.7556,-409.31,-52.144048,,-51.997324,-52.290772,,,,
12.9491,-412.14,-52.480952,,-52.334228,-52.627676,,,,
13.15405,-415.66,-52.9,,-52.753276,-53.046724,,,,
13.36375,-415.1,-52.833333,,-52.686609,-52.980057,,,,
13.5717,-414.1,-52.714286,,-52.567562,-52.86101,,,,
13.77265,-410.77,-52.317857,,-52.171133,-52.464581,,,,
13.97065,-413.57,-52.65119,,-52.504467,-52.797914,,,,
14.1747,-414.96,-52.816667,,-52.669943,-52.963391,,,,
14.3819,-411.74,-52.433333,,-52.286609,-52.580057,,,,
14.58345,-407.67,-51.94881,,-51.802086,-52.095533,,,,
14.7752,-402.99,-51.391667,,-51.244943,-51.538391,,,,
14.96445,-404.94,-51.62381,,-51.477086,-51.770533,,,,
15.1638,-410.74,-52.314286,,-52.167562,-52.46101,,,,
15.37505,-412.16,-52.483333,,-52.336609,-52.630057,,,,
15.5827,-410.93,-52.336905,,-52.190181,-52.483629,,,,
15.79145,-413.19,-52.605952,,-52.459228,-52.752676,,,,
16.01365,-418.67,-53.258333,,-53.111609,-53.405057,,,,
16.24085,-418.26,-53.209524,,-53.0628,-53.356248,,,,
16.4712,-418.99,-53.296429,,-53.149705,-53.443152,,,,
16.7139,-423.57,-53.841667,,-53.694943,-53.988391,,,,
16.9688,-423.94,-53.885714,,-53.73899,-54.032438,,,,
17.22905,-428.26,-54.4,,-54.253276,-54.546724,,,,
17.5006,-433.73,-55.05119,,-54.904467,-55.197914,,,,
17.78835,-433.81,-55.060714,,-54.91399,-55.207438,,,,
18.0888,-438.79,-55.653571,,-55.506848,-55.800295,,,,
18.40455,-439.89,-55.784524,,-55.6378,-55.931248,,,,
18.7296,-441.44,-55.969048,,-55.822324,-56.115772,,,,
19.05815,-441.93,-56.027381,,-55.880657,-56.174105,,,,
19.39015,-440.89,-55.903571,,-55.756848,-56.050295,,,,
19.72225,-442.46,-56.090476,,-55.943752,-56.2372,,,,
20.05175,-439.79,-55.772619,,-55.625895,-55.919343,,,,
20.38725,-443.77,-56.246429,,-56.099705,-56.393152,,,,
20.7281,-441.41,-55.965476,,-55.818752,-56.1122,,,,
21.05785,-441.4,-55.964286,,-55.817562,-56.11101,,,,
21.3803,-442.01,-56.036905,,-55.890181,-56.183629,,,,
21.70705,-442.31,-56.072619,,-55.925895,-56.219343,,,,
22.0387,-441.83,-56.015476,,-55.868752,-56.1622,,,,
22.3696,-441.11,-55.929762,,-55.783038,-56.076486,,,,
22.69305,-440.2,-55.821429,,-55.674705,-55.968152,,,,
23.02165,-443.51,-56.215476,,-56.068752,-56.3622,,,,
23.35435,-440.17,-55.817857,,-55.671133,-55.964581,,,,
23.68885,-442.79,-56.129762,,-55.983038,-56.276486,,,,
24.0211,-439.33,-55.717857,,-55.571133,-55.864581,,,,
24.3445,-439.47,-55.734524,,-55.5878,-55.881248,,,,
24.673,-443.17,-56.175,,-56.028276,-56.321724,,,,
25.00815,-442.99,-56.153571,,-56.006848,-56.300295,,,,
25.346,-443.47,-56.210714,,-56.06399,-56.357438,,,,
25.68685,-444.5,-56.333333,,-56.186609,-56.480057,,,,
26.0329,-445.16,-56.411905,,-56.265181,-56.558629,,,,
26.3765,-444.66,-56.352381,,-56.205657,-56.499105,,,,
26.7171,-443.97,-56.270238,,-56.123514,-56.416962,,,,
27.0574,-444.24,-56.302381,,-56.155657,-56.449105,,,,
27.3985,-444.6,-56.345238,,-56.198514,-56.491962,,,,
27.7383,-443.81,-56.25119,,-56.104467,-56.397914,,,,
28.0664,-439,-55.678571,,-55.531848,-55.825295,,,,
28.3865,-437.79,-55.534524,,-55.3878,-55.681248,,,,
28.71725,-443.73,-56.241667,,-56.094943,-56.388391,,,,
29.04845,-437.46,-55.495238,,-55.348514,-55.641962,,,,
29.37085,-440.43,-55.84881,,-55.702086,-55.995533,,,,
29.68055,-435.89,-55.308333,,-55.161609,-55.455057,,,,
29.97775,-437.13,-55.455952,,-55.309228,-55.602676,,,,
30.28765,-439.87,-55.782143,,-55.635419,-55.928867,,,,
30.6151,-442.47,-56.091667,,-55.944943,-56.238391,,,,
30.9568,-440.91,-55.905952,,-55.759228,-56.052676,,,,
31.2925,-438.43,-55.610714,,-55.46399,-55.757438,,,,
31.62345,-444.04,-56.278571,,-56.131848,-56.425295,,,,
31.9551,-441.71,-56.00119,,-55.854467,-56.147914,,,,
32.26735,-435.11,-55.215476,,-55.068752,-55.3622,,,,
32.57495,-437.73,-55.527381,,-55.380657,-55.674105,,,,
32.89395,-441.66,-55.995238,,-55.848514,-56.141962,,,,
33.21825,-438.54,-55.62381,,-55.477086,-55.770533,,,,
33.53145,-434.86,-55.185714,,-55.03899,-55.332438,,,,
33.8472,-438.4,-55.607143,,-55.460419,-55.753867,,,,
34.1882,-442.99,-56.153571,,-56.006848,-56.300295,,,,
34.52375,-438.61,-55.632143,,-55.485419,-55.778867,,,,
34.83225,-434.8,-55.178571,,-55.031848,-55.325295,,,,
35.1354,-433.37,-55.008333,,-54.861609,-55.155057,,,,
35.4442,-435.43,-55.253571,,-55.106848,-55.400295,,,,
35.7602,-436.67,-55.40119,,-55.254467,-55.547914,,,,
36.0813,-437.91,-55.54881,,-55.402086,-55.695533,,,,
36.39865,-435.79,-55.296429,,-55.149705,-55.443152,,,,
36.7175,-436.7,-55.404762,,-55.258038,-55.551486,,,,
37.0297,-431.8,-54.821429,,-54.674705,-54.968152,,,,
37.32585,-429.71,-54.572619,,-54.425895,-54.719343,,,,
37.6065,-422.69,-53.736905,,-53.590181,-53.883629,,,,
37.888,-429.23,-54.515476,,-54.368752,-54.6622,,,,
38.1756,-427.01,-54.25119,,-54.104467,-54.397914,,,,
38.462,-428.13,-54.384524,,-54.2378,-54.531248,,,,
38.75265,-429.96,-54.602381,,-54.455657,-54.749105,,,,
39.0628,-436.94,-55.433333,,-55.286609,-55.580057,,,,
39.3998,-439.01,-55.679762,,-55.533038,-55.826486,,,,
39.73805,-435.83,-55.30119,,-55.154467,-55.447914,,,,
40.07405,-436.29,-55.355952,,-55.209228,-55.502676,,,,
40.42715,-439.01,-55.679762,,-55.533038,-55.826486,,,,
40.77695,-433.14,-54.980952,,-54.834228,-55.127676,,,,
41.11305,-436.27,-55.353571,,-55.206848,-55.500295,,,,
41.46315,-440.27,-55.829762,,-55.683038,-55.976486,,,,
41.8213,-437.61,-55.513095,,-55.366371,-55.659819,,,,
42.15615,-435.24,-55.230952,,-55.084228,-55.377676,,,,
42.4728,-430.01,-54.608333,,-54.461609,-54.755057,,,,
42.80075,-431.91,-54.834524,,-54.6878,-54.981248,,,,
43.14855,-434.8,-55.178571,,-55.031848,-55.325295,,,,
43.49745,-438.2,-55.583333,,-55.436609,-55.730057,,,,
43.83125,-437.13,-55.455952,,-55.309228,-55.602676,,,,
44.1572,-435.38,-55.247619,,-55.100895,-55.394343,,,,
44.4759,-431.54,-54.790476,,-54.643752,-54.9372,,,,
44.7794,-427.74,-54.338095,,-54.191371,-54.484819,,,,
45.0652,-425.2,-54.035714,,-53.88899,-54.182438,,,,
45.34305,-422.31,-53.691667,,-53.544943,-53.838391,,,,
45.61715,-421.87,-53.639286,,-53.492562,-53.78601,,,,
45.888,-420.64,-53.492857,,-53.346133,-53.639581,,,,
46.1703,-426.87,-54.234524,,-54.0878,-54.381248,,,,
46.4633,-426.75,-54.220238,,-54.073514,-54.366962,,,,
46.7624,-428.57,-54.436905,,-54.290181,-54.583629,,,,
47.08025,-434.26,-55.114286,,-54.967562,-55.26101,,,,
47.40755,-433.1,-54.97619,,-54.829467,-55.122914,,,,
47.73395,-434.46,-55.138095,,-54.991371,-55.284819,,,,
48.0609,-432.6,-54.916667,,-54.769943,-55.063391,,,,
48.3903,-434.55,-55.14881,,-55.002086,-55.295533,,,,
48.71695,-430.93,-54.717857,,-54.571133,-54.864581,,,,
49.0355,-431.63,-54.80119,,-54.654467,-54.947914,,,,
49.3525,-430.34,-54.647619,,-54.500895,-54.794343,,,,
49.67005,-431.57,-54.794048,,-54.647324,-54.940772,,,,
49.99005,-431.76,-54.816667,,-54.669943,-54.963391,,,,
50.3069,-428.62,-54.442857,,-54.296133,-54.589581,,,,
50.6139,-428.11,-54.382143,,-54.235419,-54.528867,,,,
50.9109,-424.26,-53.92381,,-53.777086,-54.070533,,,,
51.2085,-426.9,-54.238095,,-54.091371,-54.384819,,,,
51.5064,-423.52,-53.835714,,-53.68899,-53.982438,,,,
51.7983,-424.31,-53.929762,,-53.783038,-54.076486,,,,
52.0805,-418.6,-53.25,,-53.103276,-53.396724,,,,
52.3682,-426.33,-54.170238,,-54.023514,-54.316962,,,,
52.66985,-425.17,-54.032143,,-53.885419,-54.178867,,,,
52.972,-425.59,-54.082143,,-53.935419,-54.228867,,,,
53.2886,-432.05,-54.85119,,-54.704467,-54.997914,,,,
53.60785,-427.04,-54.254762,,-54.108038,-54.401486,,,,
53.9208,-428.69,-54.45119,,-54.304467,-54.597914,,,,
54.2463,-431.83,-54.825,,-54.678276,-54.971724,,,,
54.58505,-434.26,-55.114286,,-54.967562,-55.26101,,,,
54.92145,-430.36,-54.65,,-54.503276,-54.796724,,,,
55.24585,-429.02,-54.490476,,-54.343752,-54.6372,,,,
55.55615,-424.81,-53.989286,,-53.842562,-54.13601,,,,
55.8552,-423.65,-53.85119,,-53.704467,-53.997914,,,,
56.1566,-424.34,-53.933333,,-53.786609,-54.080057,,,,
56.4612,-425.1,-54.02381,,-53.877086,-54.170533,,,,
56.756,-420.24,-53.445238,,-53.298514,-53.591962,,,,
57.04045,-419.97,-53.413095,,-53.266371,-53.559819,,,,
57.32855,-421.63,-53.610714,,-53.46399,-53.757438,,,,
57.6231,-421.59,-53.605952,,-53.459228,-53.752676,,,,
57.92395,-424.48,-53.95,,-53.803276,-54.096724,,,,
58.22965,-423.76,-53.864286,,-53.717562,-54.01101,,,,
58.5462,-428.73,-54.455952,,-54.309228,-54.602676,,,,
58.87165,-427.67,-54.329762,,-54.183038,-54.476486,,,,
59.1976,-428.02,-54.371429,,-54.224705,-54.518152,,,,
59.5287,-429.61,-54.560714,,-54.41399,-54.707438,,,,
59.86925,-431.78,-54.819048,,-54.672324,-54.965772,,,,
60.22425,-434.73,-55.170238,,-55.023514,-55.316962,,,,
60.59335,-437.01,-55.441667,,-55.294943,-55.588391,,,,
60.97455,-438.3,-55.595238,,-55.448514,-55.741962,,,,
61.37215,-442.67,-56.115476,,-55.968752,-56.2622,,,,
61.76645,-437.38,-55.485714,,-55.33899,-55.632438,,,,
62.1391,-434.3,-55.119048,,-54.972324,-55.265772,,,,
62.5179,-438.53,-55.622619,,-55.475895,-55.769343,,,,
62.91515,-440.55,-55.863095,,-55.716371,-56.009819,,,,
63.31265,-438.62,-55.633333,,-55.486609,-55.780057,,,,
63.7145,-441.4,-55.964286,,-55.817562,-56.11101,,,,
64.1311,-443.41,-56.203571,,-56.056848,-56.350295,,,,
64.54825,-442.02,-56.038095,,-55.891371,-56.184819,,,,
64.96035,-441.36,-55.959524,,-55.8128,-56.106248,,,,
65.3751,-442.33,-56.075,,-55.928276,-56.221724,,,,
65.7846,-439.38,-55.72381,,-55.577086,-55.870533,,,,
66.19095,-441.25,-55.946429,,-55.799705,-56.093152,,,,
66.5896,-436.18,-55.342857,,-55.196133,-55.489581,,,,
66.996,-443.29,-56.189286,,-56.042562,-56.33601,,,,
67.412,-439.67,-55.758333,,-55.611609,-55.905057,,,,
67.8054,-434.37,-55.127381,,-54.980657,-55.274105,,,,
68.17285,-430.15,-54.625,,-54.478276,-54.771724,,,,
68.5132,-423.4,-53.821429,,-53.674705,-53.968152,,,,
68.84485,-424.84,-53.992857,,-53.846133,-54.139581,,,,
69.1868,-427.79,-54.344048,,-54.197324,-54.490772,,,,
69.5375,-428.49,-54.427381,,-54.280657,-54.574105,,,,
69.8979,-431.37,-54.770238,,-54.623514,-54.916962,,,,
70.2805,-437.1,-55.452381,,-55.305657,-55.599105,,,,
70.6709,-434.6,-55.154762,,-55.008038,-55.301486,,,,
71.04095,-429,-54.488095,,-54.341371,-54.634819,,,,
71.3938,-427.48,-54.307143,,-54.160419,-54.453867,,,,
71.7295,-422.76,-53.745238,,-53.598514,-53.891962,,,,
72.04915,-419.96,-53.411905,,-53.265181,-53.558629,,,,
72.35885,-416.41,-52.989286,,-52.842562,-53.13601,,,,
72.6755,-422.97,-53.770238,,-53.623514,-53.916962,,,,
73.01245,-426.08,-54.140476,,-53.993752,-54.2872,,,,
73.3698,-430.7,-54.690476,,-54.543752,-54.8372,,,,
73.7399,-431.23,-54.753571,,-54.606848,-54.900295,,,,
74.10755,-430.37,-54.65119,,-54.504467,-54.797914,,,,
74.47135,-429.55,-54.553571,,-54.406848,-54.700295,,,,
74.8244,-425.94,-54.12381,,-53.977086,-54.270533,,,,
75.17775,-430.18,-54.628571,,-54.481848,-54.775295,,,,
75.5373,-428.44,-54.421429,,-54.274705,-54.568152,,,,
75.8905,-427.48,-54.307143,,-54.160419,-54.453867,,,,
76.23185,-423.49,-53.832143,,-53.685419,-53.978867,,,,
76.5757,-426.17,-54.15119,,-54.004467,-54.297914,,,,
76.91575,-421.66,-53.614286,,-53.467562,-53.76101,,,,
77.24225,-421.75,-53.625,,-53.478276,-53.771724,,,,
77.5695,-420.89,-53.522619,,-53.375895,-53.669343,,,,
77.8943,-420.97,-53.532143,,-53.385419,-53.678867,,,,
78.21565,-418.95,-53.291667,,-53.144943,-53.438391,,,,
78.54015,-421.57,-53.603571,,-53.456848,-53.750295,,,,
78.8649,-419.69,-53.379762,,-53.233038,-53.526486,,,,
79.17865,-416.01,-52.941667,,-52.794943,-53.088391,,,,
79.48465,-415.48,-52.878571,,-52.731848,-53.025295,,,,
79.78575,-413.18,-52.604762,,-52.458038,-52.751486,,,,
80.08575,-414.9,-52.809524,,-52.6628,-52.956248,,,,
80.3826,-411.5,-52.404762,,-52.258038,-52.551486,,,,
80.67285,-410,-52.22619,,-52.079467,-52.372914,,,,
80.96535,-412.04,-52.469048,,-52.322324,-52.615772,,,,
81.2594,-410.35,-52.267857,,-52.121133,-52.414581,,,,
81.55795,-412.31,-52.50119,,-52.354467,-52.647914,,,,
81.8629,-413.74,-52.671429,,-52.524705,-52.818152,,,,
82.1713,-414.84,-52.802381,,-52.655657,-52.949105,,,,
82.48865,-417.42,-53.109524,,-52.9628,-53.256248,,,,
82.8108,-416.03,-52.944048,,-52.797324,-53.090772,,,,
83.14165,-419.54,-53.361905,,-53.215181,-53.508629,,,,
83.48455,-420.22,-53.442857,,-53.296133,-53.589581,,,,
83.8375,-422.67,-53.734524,,-53.5878,-53.881248,,,,
84.2025,-425.36,-54.054762,,-53.908038,-54.201486,,,,
84.58775,-430.66,-54.685714,,-54.53899,-54.832438,,,,
84.98595,-429.29,-54.522619,,-54.375895,-54.669343,,,,
85.3803,-427.58,-54.319048,,-54.172324,-54.465772,,,,
85.7758,-427.21,-54.275,,-54.128276,-54.421724,,,,
86.1629,-424.3,-53.928571,,-53.781848,-54.075295,,,,
86.5389,-423.4,-53.821429,,-53.674705,-53.968152,,,,
86.9105,-422.76,-53.745238,,-53.598514,-53.891962,,,,
87.2732,-419.24,-53.32619,,-53.179467,-53.472914,,,,
87.64005,-422.06,-53.661905,,-53.515181,-53.808629,,,,
88.02555,-424.3,-53.928571,,-53.781848,-54.075295,,,,
88.4192,-425.32,-54.05,,-53.903276,-54.196724,,,,
88.81305,-426.13,-54.146429,,-53.999705,-54.293152,,,,
89.20635,-425.75,-54.10119,,-53.954467,-54.247914,,,,
89.5975,-425.38,-54.057143,,-53.910419,-54.203867,,,,
89.9751,-419.45,-53.35119,,-53.204467,-53.497914,,,,
90.3466,-422.52,-53.716667,,-53.569943,-53.863391,,,,
90.72515,-421.55,-53.60119,,-53.454467,-53.747914,,,,
91.1054,-422.9,-53.761905,,-53.615181,-53.908629,,,,
91.48215,-420.75,-53.505952,,-53.359228,-53.652676,,,,
91.85275,-420.03,-53.420238,,-53.273514,-53.566962,,,,
92.2224,-420.48,-53.47381,,-53.327086,-53.620533,,,,
92.5812,-415.33,-52.860714,,-52.71399,-53.007438,,,,
92.93715,-419.21,-53.322619,,-53.175895,-53.469343,,,,
93.3031,-420.84,-53.516667,,-53.369943,-53.663391,,,,
93.6715,-419.07,-53.305952,,-53.159228,-53.452676,,,,
94.04515,-422.13,-53.670238,,-53.523514,-53.816962,,,,
94.42445,-421.43,-53.586905,,-53.440181,-53.733629,,,,
94.7953,-418.89,-53.284524,,-53.1378,-53.431248,,,,
95.16485,-421.43,-53.586905,,-53.440181,-53.733629,,,,
95.53735,-418.7,-53.261905,,-53.115181,-53.408629,,,,
95.9072,-420.55,-53.482143,,-53.335419,-53.628867,,,,
96.2781,-418.34,-53.219048,,-53.072324,-53.365772,,,,
96.652,-420.79,-53.510714,,-53.36399,-53.657438,,,,
97.03065,-420.05,-53.422619,,-53.275895,-53.569343,,,,
97.41075,-420.95,-53.529762,,-53.383038,-53.676486,,,,
97.78655,-418.8,-53.27381,,-53.127086,-53.420533,,,,
98.1506,-416.96,-53.054762,,-52.908038,-53.201486,,,,
98.51205,-416.2,-52.964286,,-52.817562,-53.11101,,,,
98.8783,-417.28,-53.092857,,-52.946133,-53.239581,,,,
99.2521,-419.42,-53.347619,,-53.200895,-53.494343,,,,
99.639,-421.79,-53.629762,,-53.483038,-53.776486,,,,
100.0308,-421.08,-53.545238,,-53.398514,-53.691962,,,,
100.425,-421.72,-53.621429,,-53.474705,-53.768152,,,,
100.8325,-426.82,-54.228571,,-54.081848,-54.375295,,,,
101.2455,-430.78,-54.7,,-54.553276,-54.846724,,,,
101.6575,-426,-54.130952,,-53.984228,-54.277676,,,,
102.074,-423.74,-53.861905,,-53.715181,-54.008629,,,,
102.4955,-419.54,-53.361905,,-53.215181,-53.508629,,,,
102.9215,-422.03,-53.658333,,-53.511609,-53.805057,,,,
103.3515,-419.2,-53.321429,,-53.174705,-53.468152,,,,
103.787,-417.05,-53.065476,,-52.918752,-53.2122,,,,
104.2275,-412.14,-52.480952,,-52.334228,-52.627676,,,,
104.673,-417.44,-53.111905,,-52.965181,-53.258629,,,,
105.123,-421.95,-53.64881,,-53.502086,-53.795533,,,,
105.5785,-425.39,-54.058333,,-53.911609,-54.205057,,,,
106.0395,-431.09,-54.736905,,-54.590181,-54.883629,,,,
106.5065,-429.59,-54.558333,,-54.411609,-54.705057,,,,
106.9745,-430.45,-54.660714,,-54.51399,-54.807438,,,,
107.4335,-425.65,-54.089286,,-53.942562,-54.23601,,,,
107.885,-424.45,-53.946429,,-53.799705,-54.093152,,,,
108.3305,-424.11,-53.905952,,-53.759228,-54.052676,,,,
108.772,-423.09,-53.784524,,-53.6378,-53.931248,,,,
109.2155,-425.13,-54.027381,,-53.880657,-54.174105,,,,
109.6585,-424.8,-53.988095,,-53.841371,-54.134819,,,,
110.0865,-422.07,-53.663095,,-53.516371,-53.809819,,,,
110.495,-421.39,-53.582143,,-53.435419,-53.728867,,,,
110.895,-417.61,-53.132143,,-52.985419,-53.278867,,,,
111.287,-415.69,-52.903571,,-52.756848,-53.050295,,,,
111.6675,-411.36,-52.388095,,-52.241371,-52.534819,,,,
112.0405,-410.71,-52.310714,,-52.16399,-52.457438,,,,
112.4055,-408.17,-52.008333,,-51.861609,-52.155057,,,,
112.764,-407.57,-51.936905,,-51.790181,-52.083629,,,,
113.1215,-407.38,-51.914286,,-51.767562,-52.06101,,,,
113.4675,-407.14,-51.885714,,-51.73899,-52.032438,,,,
113.796,-402.56,-51.340476,,-51.193752,-51.4872,,,,
114.1185,-400.69,-51.117857,,-50.971133,-51.264581,,,,
114.436,-399.75,-51.005952,,-50.859228,-51.152676,,,,
114.75,-396.96,-50.67381,,-50.527086,-50.820533,,,,
115.0685,-398.33,-50.836905,,-50.690181,-50.983629,,,,
115.389,-392.03,-50.086905,,-49.940181,-50.233629,,,,
115.697,-385.01,-49.25119,,-49.104467,-49.397914,,,,
115.9985,-390.98,-49.961905,,-49.815181,-50.108629,,,,
116.31,-393.74,-50.290476,,-50.143752,-50.4372,,,,
116.626,-393.92,-50.311905,,-50.165181,-50.458629,,,,
116.9365,-390.35,-49.886905,,-49.740181,-50.033629,,,,
117.2445,-392.11,-50.096429,,-49.949705,-50.243152,,,,
117.551,-388.04,-49.611905,,-49.465181,-49.758629,,,,
117.8565,-390.83,-49.944048,,-49.797324,-50.090772,,,,
118.162,-387.06,-49.495238,,-49.348514,-49.641962,,,,
118.463,-387.93,-49.59881,,-49.452086,-49.745533,,,,
118.762,-386.71,-49.453571,,-49.306848,-49.600295,,,,
119.0575,-385.96,-49.364286,,-49.217562,-49.51101,,,,
119.3505,-389.2,-49.75,,-49.603276,-49.896724,,,,
119.642,-381.3,-48.809524,,-48.6628,-48.956248,,,,
119.938,-386.73,-49.455952,,-49.309228,-49.602676,,,,
120.2405,-385.13,-49.265476,,-49.118752,-49.4122,,,,
120.539,-386.45,-49.422619,,-49.275895,-49.569343,,,,
120.8355,-385.52,-49.311905,,-49.165181,-49.458629,,,,
121.1355,-383.31,-49.04881,,-48.902086,-49.195533,,,,
121.4315,-384.48,-49.188095,,-49.041371,-49.334819,,,,
121.712,-379.21,-48.560714,,-48.41399,-48.707438,,,,
122.0055,-388.45,-49.660714,,-49.51399,-49.807438,,,,
122.3195,-387.82,-49.585714,,-49.43899,-49.732438,,,,
122.6315,-386.26,-49.4,,-49.253276,-49.546724,,,,
122.9425,-386.62,-49.442857,,-49.296133,-49.589581,,,,
123.2575,-389.74,-49.814286,,-49.667562,-49.96101,,,,
123.5765,-387.31,-49.525,,-49.378276,-49.671724,,,,
123.895,-388.38,-49.652381,,-49.505657,-49.799105,,,,
124.209,-385.4,-49.297619,,-49.150895,-49.444343,,,,
124.5075,-381.58,-48.842857,,-48.696133,-48.989581,,,,
124.7975,-379.03,-48.539286,,-48.392562,-48.68601,,,,
125.0875,-381.74,-48.861905,,-48.715181,-49.008629,,,,
125.371,-375.92,-48.169048,,-48.022324,-48.315772,,,,
125.6405,-371.95,-47.696429,,-47.549705,-47.843152,,,,
125.899,-370.66,-47.542857,,-47.396133,-47.689581,,,,
126.148,-364.29,-46.784524,,-46.6378,-46.931248,,,,
126.3915,-366.68,-47.069048,,-46.922324,-47.215772,,,,
126.6415,-367.92,-47.216667,,-47.069943,-47.363391,,,,
126.898,-369.51,-47.405952,,-47.259228,-47.552676,,,,
127.1615,-371.18,-47.604762,,-47.458038,-47.751486,,,,
127.43,-370.95,-47.577381,,-47.430657,-47.724105,,,,
127.6995,-371.99,-47.70119,,-47.554467,-47.847914,,,,
127.976,-374.89,-48.046429,,-47.899705,-48.193152,,,,
128.266,-376.11,-48.191667,,-48.044943,-48.338391,,,,
128.575,-383.51,-49.072619,,-48.925895,-49.219343,,,,
128.9015,-386.35,-49.410714,,-49.26399,-49.557438,,,,
129.237,-386.42,-49.419048,,-49.272324,-49.565772,,,,
129.5885,-392.06,-50.090476,,-49.943752,-50.2372,,,,
129.9695,-398.14,-50.814286,,-50.667562,-50.96101,,,,
130.374,-399.17,-50.936905,,-50.790181,-51.083629,,,,
130.808,-405.2,-51.654762,,-51.508038,-51.801486,,,,
131.2845,-413.88,-52.688095,,-52.541371,-52.834819,,,,
131.784,-411.61,-52.417857,,-52.271133,-52.564581,,,,
132.3075,-418.4,-53.22619,,-53.079467,-53.372914,,,,
132.8815,-423.3,-53.809524,,-53.6628,-53.956248,,,,
133.5195,-432.18,-54.866667,,-54.719943,-55.013391,,,,
134.2025,-433.24,-54.992857,,-54.846133,-55.139581,,,,
134.9095,-436.27,-55.353571,,-55.206848,-55.500295,,,,
135.625,-434.47,-55.139286,,-54.992562,-55.28601,,,,
136.338,-435.18,-55.22381,,-55.077086,-55.370533,,,,
137.0825,-440.71,-55.882143,,-55.735419,-56.028867,,,,
137.8535,-440.43,-55.84881,,-55.702086,-55.995533,,,,
138.6105,-437.05,-55.446429,,-55.299705,-55.593152,,,,
139.3625,-440.53,-55.860714,,-55.71399,-56.007438,,,,
140.124,-438.64,-55.635714,,-55.48899,-55.782438,,,,
140.874,-436.46,-55.37619,,-55.229467,-55.522914,,,,
141.6075,-435.2,-55.22619,,-55.079467,-55.372914,,,,
142.342,-436.97,-55.436905,,-55.290181,-55.583629,,,,
143.0845,-437.25,-55.470238,,-55.323514,-55.616962,,,,
143.8255,-435.92,-55.311905,,-55.165181,-55.458629,,,,
144.553,-435.89,-55.308333,,-55.161609,-55.455057,,,,
145.261,-430.74,-54.695238,,-54.548514,-54.841962,,,,
145.9785,-435.28,-55.235714,,-55.08899,-55.382438,,,,
146.706,-433.21,-54.989286,,-54.842562,-55.13601,,,,
147.431,-436,-55.321429,,-55.174705,-55.468152,,,,
148.1345,-429.4,-54.535714,,-54.38899,-54.682438,,,,
148.815,-430.65,-54.684524,,-54.5378,-54.831248,,,,
149.503,-430.22,-54.633333,,-54.486609,-54.780057,,,,
150.2,-433.21,-54.989286,,-54.842562,-55.13601,,,,
150.91,-431.7,-54.809524,,-54.6628,-54.956248,,,,
151.6425,-435.65,-55.279762,,-55.133038,-55.426486,,,,
152.405,-437.71,-55.525,,-55.378276,-55.671724,,,,
153.198,-441.06,-55.92381,,-55.777086,-56.070533,,,,
154.009,-438.98,-55.67619,,-55.529467,-55.822914,,,,
154.8175,-441.16,-55.935714,,-55.78899,-56.082438,,,,
155.6185,-439.72,-55.764286,,-55.617562,-55.91101,,,,
156.408,-438.65,-55.636905,,-55.490181,-55.783629,,,,
157.1425,-427.36,-54.292857,,-54.146133,-54.439581,,,,
157.8315,-426.93,-54.241667,,-54.094943,-54.388391,,,,
158.5445,-432.05,-54.85119,,-54.704467,-54.997914,,,,
159.292,-435.77,-55.294048,,-55.147324,-55.440772,,,,
160.0435,-423.84,-53.87381,,-53.727086,-54.020533,,,,
160.7745,-427.55,-54.315476,,-54.168752,-54.4622,,,,
161.5255,-434.04,-55.088095,,-54.941371,-55.234819,,,,
162.3245,-436.78,-55.414286,,-55.267562,-55.56101,,,,
163.1475,-438.67,-55.639286,,-55.492562,-55.78601,,,,
163.967,-437.62,-55.514286,,-55.367562,-55.66101,,,,
164.759,-435.09,-55.213095,,-55.066371,-55.359819,,,,
165.5125,-430.53,-54.670238,,-54.523514,-54.816962,,,,
166.239,-425.53,-54.075,,-53.928276,-54.221724,,,,
166.962,-428.55,-54.434524,,-54.2878,-54.581248,,,,
167.7145,-430.86,-54.709524,,-54.5628,-54.856248,,,,
168.5075,-434.18,-55.104762,,-54.958038,-55.251486,,,,
169.319,-437.51,-55.50119,,-55.354467,-55.647914,,,,
170.0995,-424.97,-54.008333,,-53.861609,-54.155057,,,,
170.864,-432.57,-54.913095,,-54.766371,-55.059819,,,,
171.6755,-431.98,-54.842857,,-54.696133,-54.989581,,,,
172.518,-436.32,-55.359524,,-55.2128,-55.506248,,,,
173.3545,-434.8,-55.178571,,-55.031848,-55.325295,,,,
174.1895,-439.17,-55.69881,,-55.552086,-55.845533,,,,
175.0395,-433.04,-54.969048,,-54.822324,-55.115772,,,,
175.8945,-427.72,-54.335714,,-54.18899,-54.482438,,,,
176.7665,-427.52,-54.311905,,-54.165181,-54.458629,,,,
177.666,-435.78,-55.295238,,-55.148514,-55.441962,,,,
178.5545,-437.1,-55.452381,,-55.305657,-55.599105,,,,
179.4485,-439.06,-55.685714,,-55.53899,-55.832438,,,,
180.392,-442.53,-56.09881,,-55.952086,-56.245533,,,,
181.3405,-440.56,-55.864286,,-55.717562,-56.01101,,,,
182.281,-440.06,-55.804762,,-55.658038,-55.951486,,,,
183.224,-441.63,-55.991667,,-55.844943,-56.138391,,,,
184.1385,-437.97,-55.555952,,-55.409228,-55.702676,,,,
185.0085,-431.09,-54.736905,,-54.590181,-54.883629,,,,
185.8025,-423.05,-53.779762,,-53.633038,-53.926486,,,,
186.499,-412.8,-52.559524,,-52.4128,-52.706248,,,,
187.183,-424.91,-54.00119,,-53.854467,-54.147914,,,,
187.9335,-427.7,-54.333333,,-54.186609,-54.480057,,,,
188.7305,-431.79,-54.820238,,-54.673514,-54.966962,,,,
189.523,-430.54,-54.671429,,-54.524705,-54.818152,,,,
190.276,-422.8,-53.75,,-53.603276,-53.896724,,,,
191.052,-425.52,-54.07381,,-53.927086,-54.220533,,,,
191.8715,-430.66,-54.685714,,-54.53899,-54.832438,,,,
192.662,-427.36,-54.292857,,-54.146133,-54.439581,,,,
193.393,-419.9,-53.404762,,-53.258038,-53.551486,,,,
194.0925,-420.01,-53.417857,,-53.271133,-53.564581,,,,
194.7695,-408.39,-52.034524,,-51.8878,-52.181248,,,,
195.4055,-411.57,-52.413095,,-52.266371,-52.559819,,,,
196.013,-408.11,-52.00119,,-51.854467,-52.147914,,,,
196.6105,-406.02,-51.752381,,-51.605657,-51.899105,,,,
197.21,-405.71,-51.715476,,-51.568752,-51.8622,,,,
197.818,-402.69,-51.355952,,-51.209228,-51.502676,,,,
198.4415,-406.53,-51.813095,,-51.666371,-51.959819,,,,
199.084,-406.02,-51.752381,,-51.605657,-51.899105,,,,
199.76,-412.28,-52.497619,,-52.350895,-52.644343,,,,
200.4955,-417.43,-53.110714,,-52.96399,-53.257438,,,,
201.281,-422.11,-53.667857,,-53.521133,-53.814581,,,,
202.075,-421.09,-53.546429,,-53.399705,-53.693152,,,,
202.8635,-418.58,-53.247619,,-53.100895,-53.394343,,,,
203.6225,-411.55,-52.410714,,-52.26399,-52.557438,,,,
204.3375,-411.35,-52.386905,,-52.240181,-52.533629,,,,
205.037,-410.23,-52.253571,,-52.106848,-52.400295,,,,
205.7305,-410.78,-52.319048,,-52.172324,-52.465772,,,,
206.4105,-407.59,-51.939286,,-51.792562,-52.08601,,,,
207.081,-404.57,-51.579762,,-51.433038,-51.726486,,,,
207.752,-405.64,-51.707143,,-51.560419,-51.853867,,,,
208.4085,-399.73,-51.003571,,-50.856848,-51.150295,,,,
209.0525,-400.91,-51.144048,,-50.997324,-51.290772,,,,
209.6965,-402.12,-51.288095,,-51.141371,-51.434819,,,,
210.3425,-402.78,-51.366667,,-51.219943,-51.513391,,,,
211.005,-406.27,-51.782143,,-51.635419,-51.928867,,,,
211.6855,-403.34,-51.433333,,-51.286609,-51.580057,,,,
212.3805,-407.72,-51.954762,,-51.808038,-52.101486,,,,
213.071,-403.2,-51.416667,,-51.269943,-51.563391,,,,
213.7325,-399.75,-51.005952,,-50.859228,-51.152676,,,,
214.3875,-402.01,-51.275,,-51.128276,-51.421724,,,,
215.0795,-406.3,-51.785714,,-51.63899,-51.932438,,,,
215.829,-412.35,-52.505952,,-52.359228,-52.652676,,,,
216.635,-418,-53.178571,,-53.031848,-53.325295,,,,
217.4815,-420.45,-53.470238,,-53.323514,-53.616962,,,,
218.3705,-422.68,-53.735714,,-53.58899,-53.882438,,,,
219.337,-429.18,-54.509524,,-54.3628,-54.656248,,,,
220.4155,-437.22,-55.466667,,-55.319943,-55.613391,,,,
221.568,-437.48,-55.497619,,-55.350895,-55.644343,,,,
222.759,-440.76,-55.888095,,-55.741371,-56.034819,,,,
223.946,-437.53,-55.503571,,-55.356848,-55.650295,,,,
225.0255,-425.86,-54.114286,,-53.967562,-54.26101,,,,
226.0315,-425.91,-54.120238,,-53.973514,-54.266962,,,,
227.121,-436.18,-55.342857,,-55.196133,-55.489581,,,,
228.2455,-430.28,-54.640476,,-54.493752,-54.7872,,,,
229.352,-433.92,-55.07381,,-54.927086,-55.220533,,,,
230.466,-430.62,-54.680952,,-54.534228,-54.827676,,,,
231.556,-428.8,-54.464286,,-54.317562,-54.61101,,,,
232.604,-423.71,-53.858333,,-53.711609,-54.005057,,,,
233.591,-420.26,-53.447619,,-53.300895,-53.594343,,,,
234.5265,-416.12,-52.954762,,-52.808038,-53.101486,,,,
235.4065,-411.2,-52.369048,,-52.222324,-52.515772,,,,
236.2515,-409.06,-52.114286,,-51.967562,-52.26101,,,,
237.0915,-409.96,-52.221429,,-52.074705,-52.368152,,,,
237.9215,-407.09,-51.879762,,-51.733038,-52.026486,,,,
238.736,-406.63,-51.825,,-51.678276,-51.971724,,,,
239.516,-401.12,-51.169048,,-51.022324,-51.315772,,,,
240.247,-396.51,-50.620238,,-50.473514,-50.766962,,,,
240.9225,-387.87,-49.591667,,-49.444943,-49.738391,,,,
241.5365,-381.26,-48.804762,,-48.658038,-48.951486,,,,
242.1385,-384.36,-49.17381,,-49.027086,-49.320533,,,,
242.7625,-385.35,-49.291667,,-49.144943,-49.438391,,,,
243.4075,-387.3,-49.52381,,-49.377086,-49.670533,,,,
244.1225,-399.38,-50.961905,,-50.815181,-51.108629,,,,
244.9445,-407.63,-51.944048,,-51.797324,-52.090772,,,,
245.886,-417.21,-53.084524,,-52.9378,-53.231248,,,,
246.971,-427.62,-54.32381,,-54.177086,-54.470533,,,,
248.1015,-423.59,-53.844048,,-53.697324,-53.990772,,,,
249.247,-427.42,-54.3,,-54.153276,-54.446724,,,,
250.4885,-434.25,-55.113095,,-54.966371,-55.259819,,,,
251.7995,-434.31,-55.120238,,-54.973514,-55.266962,,,,
253.1285,-435.16,-55.221429,,-55.074705,-55.368152,,,,
254.44,-432.52,-54.907143,,-54.760419,-55.053867,,,,
255.75,-434.48,-55.140476,,-54.993752,-55.2872,,,,
257.0445,-430.15,-54.625,,-54.478276,-54.771724,,,,
258.289,-427.73,-54.336905,,-54.190181,-54.483629,,,,
259.566,-433.03,-54.967857,,-54.821133,-55.114581,,,,
260.8795,-431.53,-54.789286,,-54.642562,-54.93601,,,,
262.21,-434.76,-55.17381,,-55.027086,-55.320533,,,,
263.504,-426.8,-54.22619,,-54.079467,-54.372914,,,,
264.7465,-428.06,-54.37619,,-54.229467,-54.522914,,,,
266.0415,-431.98,-54.842857,,-54.696133,-54.989581,,,,
267.421,-435.29,-55.236905,,-55.090181,-55.383629,,,,
268.878,-438.37,-55.603571,,-55.456848,-55.750295,,,,
270.3905,-439.64,-55.754762,,-55.608038,-55.901486,,,,
271.9635,-442.44,-56.088095,,-55.941371,-56.234819,,,,
273.564,-441.3,-55.952381,,-55.805657,-56.099105,,,,
275.1365,-438.86,-55.661905,,-55.515181,-55.808629,,,,
276.696,-439.77,-55.770238,,-55.623514,-55.916962,,,,
278.26,-439.33,-55.717857,,-55.571133,-55.864581,,,,
279.7515,-432.66,-54.92381,,-54.777086,-55.070533,,,,
281.1615,-431.21,-54.75119,,-54.604467,-54.897914,,,,
282.5515,-430.95,-54.720238,,-54.573514,-54.866962,,,,
283.8995,-426.63,-54.205952,,-54.059228,-54.352676,,,,
285.193,-425.24,-54.040476,,-53.893752,-54.1872,,,,
286.432,-420.35,-53.458333,,-53.311609,-53.605057,,,,
287.631,-419.53,-53.360714,,-53.21399,-53.507438,,,,
288.8175,-418.91,-53.286905,,-53.140181,-53.433629,,,,
289.958,-412.24,-52.492857,,-52.346133,-52.639581,,,,
291.1275,-419.88,-53.402381,,-53.255657,-53.549105,,,,
292.436,-426.58,-54.2,,-54.053276,-54.346724,,,,
293.8755,-432.52,-54.907143,,-54.760419,-55.053867,,,,
295.346,-429.2,-54.511905,,-54.365181,-54.658629,,,,
296.793,-427.91,-54.358333,,-54.211609,-54.505057,,,,
298.2825,-430.76,-54.697619,,-54.550895,-54.844343,,,,
299.7565,-426.19,-54.153571,,-54.006848,-54.300295,,,,
301.227,-429.87,-54.591667,,-54.444943,-54.738391,,,,
302.7165,-426.73,-54.217857,,-54.071133,-54.364581,,,,
304.154,-422.51,-53.715476,,-53.568752,-53.8622,,,,
305.551,-420.07,-53.425,,-53.278276,-53.571724,,,,
307.0495,-430.52,-54.669048,,-54.522324,-54.815772,,,,
308.648,-429.03,-54.491667,,-54.344943,-54.638391,,,,
310.2305,-430.09,-54.617857,,-54.471133,-54.764581,,,,
311.774,-425.82,-54.109524,,-53.9628,-54.256248,,,,
313.224,-420.33,-53.455952,,-53.309228,-53.602676,,,,
314.567,-414.11,-52.715476,,-52.568752,-52.8622,,,,
315.833,-411.95,-52.458333,,-52.311609,-52.605057,,,,
317.0785,-410.13,-52.241667,,-52.094943,-52.388391,,,,
318.3995,-418.41,-53.227381,,-53.080657,-53.374105,,,,
319.8335,-423.24,-53.802381,,-53.655657,-53.949105,,,,
321.253,-416.72,-53.02619,,-52.879467,-53.172914,,,,
322.566,-411.47,-52.40119,,-52.254467,-52.547914,,,,
323.7785,-406.05,-51.755952,,-51.609228,-51.902676,,,,
324.899,-399.26,-50.947619,,-50.800895,-51.094343,,,,
325.965,-397.41,-50.727381,,-50.580657,-50.874105,,,,
326.996,-394.31,-50.358333,,-50.211609,-50.505057,,,,
328.008,-394.86,-50.42381,,-50.277086,-50.570533,,,,
329.015,-393.33,-50.241667,,-50.094943,-50.388391,,,,
330.006,-392.25,-50.113095,,-49.966371,-50.259819,,,,
330.983,-390.83,-49.944048,,-49.797324,-50.090772,,,,
331.9645,-392.95,-50.196429,,-50.049705,-50.343152,,,,
332.924,-387.97,-49.603571,,-49.456848,-49.750295,,,,
333.7965,-377.78,-48.390476,,-48.243752,-48.5372,,,,
334.578,-369.07,-47.353571,,-47.206848,-47.500295,,,,
335.3315,-369.24,-47.37381,,-47.227086,-47.520533,,,,
336.1455,-378.23,-48.444048,,-48.297324,-48.590772,,,,
337.1045,-391.48,-50.021429,,-49.874705,-50.168152,,,,
338.251,-403.29,-51.427381,,-51.280657,-51.574105,,,,
339.603,-413.06,-52.590476,,-52.443752,-52.7372,,,,
341.287,-430.03,-54.610714,,-54.46399,-54.757438,,,,
343.363,-442.39,-56.082143,,-55.935419,-56.228867,,,,
345.578,-439.96,-55.792857,,-55.646133,-55.939581,,,,
347.738,-436.94,-55.433333,,-55.286609,-55.580057,,,,
349.786,-432.98,-54.961905,,-54.815181,-55.108629,,,,
351.7445,-431.52,-54.788095,,-54.641371,-54.934819,,,,
353.7665,-436.45,-55.375,,-55.228276,-55.521724,,,,
355.941,-440.49,-55.855952,,-55.709228,-56.002676,,,,
358.225,-441.79,-56.010714,,-55.86399,-56.157438,,,,
360.499,-439.09,-55.689286,,-55.542562,-55.83601,,,,
362.681,-434.65,-55.160714,,-55.01399,-55.307438,,,,
364.7745,-431.92,-54.835714,,-54.68899,-54.982438,,,,
366.848,-432.18,-54.866667,,-54.719943,-55.013391,,,,
368.94,-433.05,-54.970238,,-54.823514,-55.116962,,,,
370.949,-426.45,-54.184524,,-54.0378,-54.331248,,,,
372.831,-422.39,-53.70119,,-53.554467,-53.847914,,,,
374.8175,-432.15,-54.863095,,-54.716371,-55.009819,,,,
376.9055,-429.58,-54.557143,,-54.410419,-54.703867,,,,
378.9085,-426.19,-54.153571,,-54.006848,-54.300295,,,,
380.771,-418.74,-53.266667,,-53.119943,-53.413391,,,,
382.5675,-419.59,-53.367857,,-53.221133,-53.514581,,,,
384.39,-420.6,-53.488095,,-53.341371,-53.634819,,,,
386.1715,-414.89,-52.808333,,-52.661609,-52.955057,,,,
388.083,-426.1,-54.142857,,-53.996133,-54.289581,,,,
390.1135,-422.48,-53.711905,,-53.565181,-53.858629,,,,
391.997,-414.63,-52.777381,,-52.630657,-52.924105,,,,
393.6775,-404.32,-51.55,,-51.403276,-51.696724,,,,
395.1995,-399.12,-50.930952,,-50.784228,-51.077676,,,,
396.652,-396.35,-50.60119,,-50.454467,-50.747914,,,,
398.078,-394.83,-50.420238,,-50.273514,-50.566962,,,,
399.4625,-390.92,-49.954762,,-49.808038,-50.101486,,,,
400.793,-388.52,-49.669048,,-49.522324,-49.815772,,,,
402.0845,-385.26,-49.280952,,-49.134228,-49.427676,,,,
403.3575,-385.39,-49.296429,,-49.149705,-49.443152,,,,
404.6185,-382.96,-49.007143,,-48.860419,-49.153867,,,,
405.866,-383.34,-49.052381,,-48.905657,-49.199105,,,,
407.118,-382.98,-49.009524,,-48.8628,-49.156248,,,,
408.3925,-384.31,-49.167857,,-49.021133,-49.314581,,,,
409.713,-386.61,-49.441667,,-49.294943,-49.588391,,,,
411.0995,-390.62,-49.919048,,-49.772324,-50.065772,,,,
412.544,-391.78,-50.057143,,-49.910419,-50.203867,,,,
414.029,-393.15,-50.220238,,-50.073514,-50.366962,,,,
415.5435,-392.29,-50.117857,,-49.971133,-50.264581,,,,
417.1015,-395.56,-50.507143,,-50.360419,-50.653867,,,,
418.764,-400.21,-51.060714,,-50.91399,-51.207438,,,,
420.526,-402.62,-51.347619,,-51.200895,-51.494343,,,,
422.295,-397.19,-50.70119,,-50.554467,-50.847914,,,,
424.299,-414.82,-52.8,,-52.653276,-52.946724,,,,
426.957,-434.75,-55.172619,,-55.025895,-55.319343,,,,
430.191,-443.04,-56.159524,,-56.0128,-56.306248,,,,
433.6335,-442.95,-56.14881,,-56.002086,-56.295533,,,,
436.9255,-435.37,-55.246429,,-55.099705,-55.393152,,,,
439.997,-432.53,-54.908333,,-54.761609,-55.055057,,,,
443.0565,-433.59,-55.034524,,-54.8878,-55.181248,,,,
446.078,-429.91,-54.596429,,-54.449705,-54.743152,,,,
449.2065,-438.89,-55.665476,,-55.518752,-55.8122,,,,
452.413,-433.1,-54.97619,,-54.829467,-55.122914,,,,
455.5215,-434.73,-55.170238,,-55.023514,-55.316962,,,,
458.366,-418.64,-53.254762,,-53.108038,-53.401486,,,,
460.956,-420.09,-53.427381,,-53.280657,-53.574105,,,,
463.5735,-420.98,-53.533333,,-53.386609,-53.680057,,,,
466.111,-414.38,-52.747619,,-52.600895,-52.894343,,,,
468.509,-411.36,-52.388095,,-52.241371,-52.534819,,,,
470.7925,-406.11,-51.763095,,-51.616371,-51.909819,,,,
473.025,-406.39,-51.796429,,-51.649705,-51.943152,,,,
475.3435,-410.29,-52.260714,,-52.11399,-52.407438,,,,
477.752,-411.3,-52.380952,,-52.234228,-52.527676,,,,
480.2305,-413.64,-52.659524,,-52.5128,-52.806248,,,,
482.8105,-416.9,-53.047619,,-52.900895,-53.194343,,,,
485.457,-416.91,-53.04881,,-52.902086,-53.195533,,,,
488.1485,-417.94,-53.171429,,-53.024705,-53.318152,,,,
491.003,-424.33,-53.932143,,-53.785419,-54.078867,,,,
493.9665,-423.04,-53.778571,,-53.631848,-53.925295,,,,
496.8595,-418.9,-53.285714,,-53.13899,-53.432438,,,,
499.643,-416.41,-52.989286,,-52.842562,-53.13601,,,,
502.3385,-413.2,-52.607143,,-52.460419,-52.753867,,,,
505.0155,-413.56,-52.65,,-52.503276,-52.796724,,,,
507.81,-418.34,-53.219048,,-53.072324,-53.365772,,,,
510.7255,-419.35,-53.339286,,-53.192562,-53.48601,,,,
513.73,-420.59,-53.486905,,-53.340181,-53.633629,,,,
517.0585,-431.16,-54.745238,,-54.598514,-54.891962,,,,
520.643,-429.67,-54.567857,,-54.421133,-54.714581,,,,
524.3055,-433.02,-54.966667,,-54.819943,-55.113391,,,,
528.1045,-434.28,-55.116667,,-54.969943,-55.263391,,,,
531.8845,-432.21,-54.870238,,-54.723514,-55.016962,,,,
535.4205,-424.74,-53.980952,,-53.834228,-54.127676,,,,
538.6,-416.07,-52.94881,,-52.802086,-53.095533,,,,
541.66,-418.03,-53.182143,,-53.035419,-53.328867,,,,
545.015,-427.17,-54.270238,,-54.123514,-54.416962,,,,
548.469,-420.96,-53.530952,,-53.384228,-53.677676,,,,
551.692,-415.23,-52.84881,,-52.702086,-52.995533,,,,
554.656,-407.86,-51.971429,,-51.824705,-52.118152,,,,
557.4325,-405.2,-51.654762,,-51.508038,-51.801486,,,,
560.1315,-403.08,-51.402381,,-51.255657,-51.549105,,,,
562.763,-400.84,-51.135714,,-50.98899,-51.282438,,,,
565.3755,-400.96,-51.15,,-51.003276,-51.296724,,,,
568.015,-401.98,-51.271429,,-51.124705,-51.418152,,,,
570.671,-400.97,-51.15119,,-51.004467,-51.297914,,,,
573.3715,-403.5,-51.452381,,-51.305657,-51.599105,,,,
576.1465,-404.53,-51.575,,-51.428276,-51.721724,,,,
578.931,-402.97,-51.389286,,-51.242562,-51.53601,,,,
581.7,-403.22,-51.419048,,-51.272324,-51.565772,,,,
584.422,-398.73,-50.884524,,-50.7378,-51.031248,,,,
587.4595,-414.07,-52.710714,,-52.56399,-52.857438,,,,
591.2075,-427.39,-54.296429,,-54.149705,-54.443152,,,,
595.1815,-423.63,-53.84881,,-53.702086,-53.995533,,,,
598.9855,-421.74,-53.62381,,-53.477086,-53.770533,,,,
602.811,-423.15,-53.791667,,-53.644943,-53.938391,,,,
606.6895,-421.89,-53.641667,,-53.494943,-53.788391,,,,
610.337,-413.49,-52.641667,,-52.494943,-52.788391,,,,
613.5425,-402.79,-51.367857,,-51.221133,-51.514581,,,,
616.4545,-399.16,-50.935714,,-50.78899,-51.082438,,,,
619.3935,-403.16,-51.411905,,-51.265181,-51.558629,,,,
622.502,-403.9,-51.5,,-51.353276,-51.646724,,,,
626.371,-425.56,-54.078571,,-53.931848,-54.225295,,,,
631.327,-438.68,-55.640476,,-55.493752,-55.7872,,,,
636.4775,-432.07,-54.853571,,-54.706848,-55.000295,,,,
641.378,-431.67,-54.805952,,-54.659228,-54.952676,,,,
646.435,-435.95,-55.315476,,-55.168752,-55.4622,,,,
651.856,-441.38,-55.961905,,-55.815181,-56.108629,,,,
657.162,-432.93,-54.955952,,-54.809228,-55.102676,,,,
661.9795,-427.54,-54.314286,,-54.167562,-54.46101,,,,
666.5055,-424.38,-53.938095,,-53.791371,-54.084819,,,,
670.9625,-425.19,-54.034524,,-53.8878,-54.181248,,,,
675.206,-416.91,-53.04881,,-52.902086,-53.195533,,,,
679.091,-411.95,-52.458333,,-52.311609,-52.605057,,,,
682.7885,-409.67,-52.186905,,-52.040181,-52.333629,,,,
686.296,-404.39,-51.558333,,-51.411609,-51.705057,,,,
689.6555,-403.41,-51.441667,,-51.294943,-51.588391,,,,
693.0355,-403.47,-51.44881,,-51.302086,-51.595533,,,,
696.5455,-406.2,-51.77381,,-51.627086,-51.920533,,,,
700.148,-405.53,-51.694048,,-51.547324,-51.840772,,,,
703.884,-410.34,-52.266667,,-52.119943,-52.413391,,,,
707.834,-413.07,-52.591667,,-52.444943,-52.738391,,,,
711.9255,-413.19,-52.605952,,-52.459228,-52.752676,,,,
716.4975,-424.46,-53.947619,,-53.800895,-54.094343,,,,
721.561,-428.37,-54.413095,,-54.266371,-54.559819,,,,
726.492,-422.73,-53.741667,,-53.594943,-53.888391,,,,
730.996,-415.6,-52.892857,,-52.746133,-53.039581,,,,
735.3315,-415.08,-52.830952,,-52.684228,-52.977676,,,,
739.973,-433.65,-55.041667,,-54.894943,-55.188391,,,,